1,Đà Nẵng,1990-06-01,,employee@gmail.com,NV-1111,Employee Account,true,935161990,3
2,Đà Nẵng,1993-01-02,,c0nl0ck@gmail.com,NV-2222,Hồ Hồng Nhung,true,0905129775,5
3,Đà Nẵng,1995-05-15,,hoquynhmai@gmail.com,NV-3333,Hồ Quỳnh Mai,false,0901171603,6
4,Đà Nẵng,1996-10-08,,trucmai0810@gmail.com,NV-4444,Hồ Trúc Mai,false,0905085170,7
5,Quảng Nam,2009-09-29,,huuduy@gmail.com,NV-5555,Tràn Hữu Duy,true,0776401281,8
6,Quảng Nam,1993-06-25,,xuandiem@gmail.com,NV-6666,Trần Xuân Diễm,true,0935293949,9
7,Đà Nẵng,1990-06-01,,h3bam@gmai.com,NV-1111,Hồ Huy Hoàng,true,0935161990,4
